Line,EngSpd,EngPwr,EngTrq,NetFlo,Air_1s,BSFC  ,CoolOt,OilSmp,Oil_P ,EngSpd,STPPwr,STPTrq,NetFlo,Air_1s,BSFC  ,CoolOt,OilSmp,Oil_P ,EngSpd,Oil_P ,Man_P ,MAP   ,BoostP,FuelP1,FuelP2,Batt_V,------,EngSpd,Exh_1 ,Exh_2 ,Exh_3 ,Exh_4 ,Bear1T,Bear2T,Loss1T,LossT2,EngSpd,OilSmp,CoolOt,------,------,------,------,------,------,EngSpd,NetFlo,GasOut,GasIn ,FuelSG,Air_1s,DeltaT,FuelP1,FuelP2,EngSpd,Accel ,Rate  ,------,------,------,------,------,------,EngSpd,AFR_1 ,AFR_2 ,AFR_3 ,AFR_4 ,AFR_5 ,AFR_6 ,AFR_7 ,AFR_8 ,LineNo,EngBor,EngStr,EngCyl,EngCyc,Displ ,Inrtia,InrCor,------,LineNo,STPCor,Baro_P,AirInT,Humidy,Vap_P ,DenAlt,AirDen,WatGrn,
no,RPM   ,Hp    ,lbs-ft,lbs/hr,SCFM  ,lb/hph,deg F ,deg F ,0-150p,RPM   ,CHp   ,Clb-ft,lbs/hr,SCFM  ,lb/hph,deg F ,deg F ,0-150p,RPM   ,0-150p,InHg  ,kPa   ,0-150p,0-150p,0-150p,vdc   ,------,RPM   ,deg F ,deg F ,deg F ,deg F ,deg F ,deg F ,deg F ,deg F ,RPM   ,deg F ,deg F ,------,------,------,------,------,------,RPM   ,lbs/hr,lbs/hr,lbs/hr,lb/gal,SCFM  ,deg F ,0-150p,0-150p,RPM   ,RPM/s ,rpm   ,------,------,------,------,------,------,RPM   ,ratio ,ratio ,ratio ,ratio ,ratio ,ratio ,ratio ,ratio ,      ,inches,inches,number,cycles,ci    ,factor,Yes/No,------,      ,Factor,InHga ,degF  ,%     ,InHg  ,Feet  ,lb/cft,grains,
1,3700,20.5,29.1,6.9,0.0,0.334,112,0,-0.2,3700,21.5,30.6,6.9,0.0,0.334,112,0,-0.2,3700,-0.2,-0.2,98.8,-0.1,54.4,-0.2,13.1,0,3700,1188,0,0,0,79,72,81,70,3700,0,112,0,0,0,0,0,0,3700,6.9,204.5,197.7,0.750,0.0,52,54.4,-0.2,3700,164,300,0,0,0,0,0,0,3700,0.0,0.0,0.0,0.0,0.0,0.0,0.0,0.0,1,3.740,2.835,1,4,31.1,0.400,1,0,1,1.049,29.41,75.0,53.0,0.47,1932,0.073,71.9,
2,3800,22.9,31.7,7.3,0.0,0.318,111,0,-0.2,3800,24.0,33.2,7.3,0.0,0.318,111,0,-0.2,3800,-0.2,-0.2,98.8,-0.1,54.4,-0.2,13.1,0,3800,1187,0,0,0,79,72,81,71,3800,0,111,0,0,0,0,0,0,3800,7.3,205.8,198.5,0.750,0.0,53,54.4,-0.2,3800,252,300,0,0,0,0,0,0,3800,0.0,0.0,0.0,0.0,0.0,0.0,0.0,0.0,2,3.740,2.835,1,4,31.1,0.400,1,0,2,1.049,29.41,75.0,53.0,0.47,1932,0.073,71.9,
3,3900,25.2,33.9,8.0,0.0,0.315,110,0,-0.2,3900,26.4,35.6,8.0,0.0,0.315,110,0,-0.2,3900,-0.2,-0.2,98.8,-0.1,54.4,-0.2,13.1,0,3900,1185,0,0,0,79,72,81,70,3900,0,110,0,0,0,0,0,0,3900,8.0,206.4,198.5,0.750,0.0,53,54.4,-0.2,3900,323,300,0,0,0,0,0,0,3900,0.0,0.0,0.0,0.0,0.0,0.0,0.0,0.0,3,3.740,2.835,1,4,31.1,0.400,1,0,3,1.049,29.41,75.0,53.0,0.47,1932,0.073,71.9,
4,4000,27.1,35.6,7.6,0.0,0.280,110,0,-0.2,4000,28.4,37.3,7.6,0.0,0.280,110,0,-0.2,4000,-0.2,-0.2,98.8,-0.1,54.4,-0.2,13.1,0,4000,1183,0,0,0,79,72,81,70,4000,0,110,0,0,0,0,0,0,4000,7.6,206.2,198.6,0.750,0.0,54,54.4,-0.2,4000,375,300,0,0,0,0,0,0,4000,0.0,0.0,0.0,0.0,0.0,0.0,0.0,0.0,4,3.740,2.835,1,4,31.1,0.400,1,0,4,1.049,29.41,75.0,53.0,0.47,1932,0.073,71.9,
5,4100,27.7,35.5,7.0,0.0,0.253,109,0,-0.2,4100,29.1,37.2,7.0,0.0,0.253,109,0,-0.2,4100,-0.2,-0.2,98.9,-0.1,54.3,-0.2,13.1,0,4100,1180,0,0,0,79,72,81,70,4100,0,109,0,0,0,0,0,0,4100,7.0,205.6,198.6,0.750,0.0,55,54.3,-0.2,4100,371,300,0,0,0,0,0,0,4100,0.0,0.0,0.0,0.0,0.0,0.0,0.0,0.0,5,3.740,2.835,1,4,31.1,0.400,1,0,5,1.049,29.41,75.0,53.0,0.47,1932,0.073,71.9,
6,4200,26.9,33.7,6.9,0.0,0.258,109,0,-0.2,4200,28.2,35.3,6.9,0.0,0.258,109,0,-0.2,4200,-0.2,-0.2,98.9,-0.1,54.3,-0.2,13.1,0,4200,1177,0,0,0,79,72,81,70,4200,0,109,0,0,0,0,0,0,4200,6.9,205.0,198.1,0.750,0.0,55,54.3,-0.2,4200,316,300,0,0,0,0,0,0,4200,0.0,0.0,0.0,0.0,0.0,0.0,0.0,0.0,6,3.740,2.835,1,4,31.1,0.400,1,0,6,1.049,29.41,75.0,53.0,0.47,1932,0.073,71.9,
7,4300,27.8,34.0,8.6,0.0,0.309,108,0,-0.2,4300,29.2,35.6,8.6,0.0,0.309,108,0,-0.2,4300,-0.2,-0.2,98.9,-0.1,54.3,-0.2,13.1,0,4300,1175,0,0,0,79,72,81,70,4300,0,108,0,0,0,0,0,0,4300,8.6,205.1,196.5,0.750,0.0,56,54.3,-0.2,4300,329,300,0,0,0,0,0,0,4300,0.0,0.0,0.0,0.0,0.0,0.0,0.0,0.0,7,3.740,2.835,1,4,31.1,0.400,1,0,7,1.049,29.41,75.0,53.0,0.47,1932,0.073,71.9,
8,4400,29.3,34.9,9.8,0.0,0.335,108,0,-0.2,4400,30.7,36.6,9.8,0.0,0.335,108,0,-0.2,4400,-0.2,-0.2,98.9,-0.1,54.3,-0.2,13.1,0,4400,1175,0,0,0,79,72,81,70,4400,0,108,0,0,0,0,0,0,4400,9.8,205.0,195.2,0.750,0.0,56,54.3,-0.2,4400,353,300,0,0,0,0,0,0,4400,0.0,0.0,0.0,0.0,0.0,0.0,0.0,0.0,8,3.740,2.835,1,4,31.1,0.400,1,0,8,1.049,29.41,75.0,53.0,0.47,1932,0.073,71.9,
9,4500,29.7,34.7,10.5,0.0,0.354,108,0,-0.2,4500,31.2,36.4,10.5,0.0,0.354,108,0,-0.2,4500,-0.2,-0.2,99.0,-0.1,54.3,-0.2,13.1,0,4500,1175,0,0,0,79,72,81,71,4500,0,108,0,0,0,0,0,0,4500,10.5,205.2,194.6,0.750,0.0,56,54.3,-0.2,4500,338,300,0,0,0,0,0,0,4500,0.0,0.0,0.0,0.0,0.0,0.0,0.0,0.0,9,3.740,2.835,1,4,31.1,0.400,1,0,9,1.049,29.41,75.0,53.0,0.47,1932,0.073,71.9,
10,4600,28.4,32.5,10.4,0.0,0.366,108,0,-0.2,4600,29.8,34.1,10.4,0.0,0.366,108,0,-0.2,4600,-0.2,-0.2,98.9,-0.1,54.3,-0.2,13.1,0,4600,1177,0,0,0,79,72,81,71,4600,0,108,0,0,0,0,0,0,4600,10.4,204.4,193.9,0.750,0.0,57,54.3,-0.2,4600,267,300,0,0,0,0,0,0,4600,0.0,0.0,0.0,0.0,0.0,0.0,0.0,0.0,10,3.740,2.835,1,4,31.1,0.400,1,0,10,1.049,29.41,75.0,53.0,0.47,1932,0.073,71.9,
11,4700,28.6,31.9,8.8,0.0,0.308,108,0,-0.2,4700,30.0,33.5,8.8,0.0,0.308,108,0,-0.2,4700,-0.2,-0.3,98.7,-0.1,54.3,-0.2,13.1,0,4700,1182,0,0,0,79,72,81,71,4700,0,108,0,0,0,0,0,0,4700,8.8,203.2,194.4,0.750,0.0,57,54.3,-0.2,4700,267,300,0,0,0,0,0,0,4700,0.0,0.0,0.0,0.0,0.0,0.0,0.0,0.0,11,3.740,2.835,1,4,31.1,0.400,1,0,11,1.049,29.41,75.0,53.0,0.47,1932,0.073,71.9,
12,4800,30.0,32.9,7.4,0.0,0.247,107,0,-0.2,4800,31.5,34.5,7.4,0.0,0.247,107,0,-0.2,4800,-0.2,-0.3,98.7,-0.1,54.3,-0.2,13.1,0,4800,1186,0,0,0,79,72,81,71,4800,0,107,0,0,0,0,0,0,4800,7.4,202.8,195.4,0.750,0.0,58,54.3,-0.2,4800,309,300,0,0,0,0,0,0,4800,0.0,0.0,0.0,0.0,0.0,0.0,0.0,0.0,12,3.740,2.835,1,4,31.1,0.400,1,0,12,1.049,29.41,75.0,53.0,0.47,1932,0.073,71.9,
13,4900,31.3,33.6,7.3,0.0,0.233,107,0,-0.2,4900,32.8,35.2,7.3,0.0,0.233,107,0,-0.2,4900,-0.2,-0.3,98.7,-0.1,54.3,-0.2,13.1,0,4900,1190,0,0,0,79,72,81,71,4900,0,107,0,0,0,0,0,0,4900,7.3,202.9,195.6,0.750,0.0,58,54.3,-0.2,4900,336,300,0,0,0,0,0,0,4900,0.0,0.0,0.0,0.0,0.0,0.0,0.0,0.0,13,3.740,2.835,1,4,31.1,0.400,1,0,13,1.049,29.41,75.0,53.0,0.47,1932,0.073,71.9,
14,5000,31.7,33.3,7.6,0.0,0.241,107,0,-0.2,5000,33.2,34.9,7.6,0.0,0.241,107,0,-0.2,5000,-0.2,-0.3,98.7,-0.1,54.3,-0.2,13.1,0,5000,1193,0,0,0,79,72,81,71,5000,0,107,0,0,0,0,0,0,5000,7.6,204.1,196.5,0.750,0.0,58,54.3,-0.2,5000,329,300,0,0,0,0,0,0,5000,0.0,0.0,0.0,0.0,0.0,0.0,0.0,0.0,14,3.740,2.835,1,4,31.1,0.400,1,0,14,1.049,29.41,75.0,53.0,0.47,1932,0.073,71.9,
15,5100,32.1,33.0,7.7,0.0,0.240,107,0,-0.2,5100,33.7,34.7,7.7,0.0,0.240,107,0,-0.2,5100,-0.2,-0.3,98.6,-0.1,54.3,-0.2,13.1,0,5100,1196,0,0,0,79,71,81,71,5100,0,107,0,0,0,0,0,0,5100,7.7,204.7,197.0,0.750,0.0,58,54.3,-0.2,5100,323,300,0,0,0,0,0,0,5100,0.0,0.0,0.0,0.0,0.0,0.0,0.0,0.0,15,3.740,2.835,1,4,31.1,0.400,1,0,15,1.049,29.41,75.0,53.0,0.47,1932,0.073,71.9,
16,5200,33.0,33.3,8.2,0.0,0.249,107,0,-0.2,5200,34.6,34.9,8.2,0.0,0.249,107,0,-0.2,5200,-0.2,-0.3,98.5,-0.2,54.3,-0.2,13.1,0,5200,1199,0,0,0,79,72,81,71,5200,0,107,0,0,0,0,0,0,5200,8.2,204.1,195.9,0.750,0.0,59,54.3,-0.2,5200,331,300,0,0,0,0,0,0,5200,0.0,0.0,0.0,0.0,0.0,0.0,0.0,0.0,16,3.740,2.835,1,4,31.1,0.400,1,0,16,1.049,29.41,75.0,53.0,0.47,1932,0.073,71.9,
17,5300,33.6,33.3,9.4,0.0,0.281,106,0,-0.2,5300,35.3,35.0,9.4,0.0,0.281,106,0,-0.2,5300,-0.2,-0.4,98.4,-0.2,54.3,-0.2,13.1,0,5300,1201,0,0,0,79,72,81,71,5300,0,106,0,0,0,0,0,0,5300,9.4,203.6,194.1,0.750,0.0,59,54.3,-0.2,5300,327,300,0,0,0,0,0,0,5300,0.0,0.0,0.0,0.0,0.0,0.0,0.0,0.0,17,3.740,2.835,1,4,31.1,0.400,1,0,17,1.049,29.41,75.0,53.0,0.47,1932,0.073,71.9,
18,5400,33.9,33.0,10.7,0.0,0.315,106,0,-0.2,5400,35.6,34.6,10.7,0.0,0.315,106,0,-0.2,5400,-0.2,-0.4,98.3,-0.2,54.3,-0.2,13.1,0,5400,1204,0,0,0,79,72,81,71,5400,0,106,0,0,0,0,0,0,5400,10.7,203.4,192.7,0.750,0.0,59,54.3,-0.2,5400,308,300,0,0,0,0,0,0,5400,0.0,0.0,0.0,0.0,0.0,0.0,0.0,0.0,18,3.740,2.835,1,4,31.1,0.400,1,0,18,1.049,29.41,75.0,53.0,0.47,1932,0.073,71.9,
19,5500,36.1,34.5,11.0,0.0,0.305,106,0,-0.2,5500,37.8,36.1,11.0,0.0,0.305,106,0,-0.2,5500,-0.2,-0.3,98.4,-0.2,54.3,-0.2,13.1,0,5500,1206,0,0,0,79,72,81,71,5500,0,106,0,0,0,0,0,0,5500,11.0,203.5,192.5,0.750,0.0,60,54.3,-0.2,5500,341,300,0,0,0,0,0,0,5500,0.0,0.0,0.0,0.0,0.0,0.0,0.0,0.0,19,3.740,2.835,1,4,31.1,0.400,1,0,19,1.049,29.41,75.0,53.0,0.47,1932,0.073,71.9,
20,5600,38.3,35.9,10.9,0.0,0.285,106,0,-0.2,5600,40.2,37.7,10.9,0.0,0.285,106,0,-0.2,5600,-0.2,-0.3,98.5,-0.2,54.3,-0.2,13.1,0,5600,1208,0,0,0,79,72,81,71,5600,0,106,0,0,0,0,0,0,5600,10.9,203.5,192.6,0.750,0.0,60,54.3,-0.2,5600,364,300,0,0,0,0,0,0,5600,0.0,0.0,0.0,0.0,0.0,0.0,0.0,0.0,20,3.740,2.835,1,4,31.1,0.400,1,0,20,1.049,29.41,75.0,53.0,0.47,1932,0.073,71.9,
21,5700,37.8,34.8,11.1,0.0,0.294,105,0,-0.2,5700,39.6,36.5,11.1,0.0,0.294,105,0,-0.2,5700,-0.2,-0.3,98.6,-0.1,54.3,-0.2,13.1,0,5700,1211,0,0,0,79,72,81,71,5700,0,105,0,0,0,0,0,0,5700,11.1,204.1,193.0,0.750,0.0,61,54.3,-0.2,5700,298,300,0,0,0,0,0,0,5700,0.0,0.0,0.0,0.0,0.0,0.0,0.0,0.0,21,3.740,2.835,1,4,31.1,0.400,1,0,21,1.049,29.41,75.0,53.0,0.47,1932,0.073,71.9,
22,5800,39.4,35.6,12.3,0.0,0.313,105,0,-0.2,5800,41.3,37.4,12.3,0.0,0.313,105,0,-0.2,5800,-0.2,-0.3,98.6,-0.1,54.3,-0.2,13.1,0,5800,1217,0,0,0,79,72,81,71,5800,0,105,0,0,0,0,0,0,5800,12.3,205.9,193.6,0.750,0.0,61,54.3,-0.2,5800,296,300,0,0,0,0,0,0,5800,0.0,0.0,0.0,0.0,0.0,0.0,0.0,0.0,22,3.740,2.835,1,4,31.1,0.400,1,0,22,1.049,29.41,75.0,53.0,0.47,1932,0.073,71.9,
23,5900,42.2,37.6,13.0,0.0,0.308,105,0,-0.2,5900,44.2,39.4,13.0,0.0,0.308,105,0,-0.2,5900,-0.2,-0.3,98.7,-0.1,54.3,-0.2,13.1,0,5900,1219,0,0,0,79,72,81,71,5900,0,105,0,0,0,0,0,0,5900,13.0,206.0,193.1,0.750,0.0,61,54.3,-0.2,5900,340,300,0,0,0,0,0,0,5900,0.0,0.0,0.0,0.0,0.0,0.0,0.0,0.0,23,3.740,2.835,1,4,31.1,0.400,1,0,23,1.049,29.41,75.0,53.0,0.47,1932,0.073,71.9,
24,6000,43.8,38.4,13.9,0.0,0.316,106,0,-0.2,6000,46.0,40.2,13.9,0.0,0.316,106,0,-0.2,6000,-0.2,-0.3,98.7,-0.1,54.3,-0.2,13.1,0,6000,1222,0,0,0,79,72,81,71,6000,0,106,0,0,0,0,0,0,6000,13.9,205.4,191.5,0.750,0.0,60,54.3,-0.2,6000,338,300,0,0,0,0,0,0,6000,0.0,0.0,0.0,0.0,0.0,0.0,0.0,0.0,24,3.740,2.835,1,4,31.1,0.400,1,0,24,1.049,29.41,75.0,53.0,0.47,1932,0.073,71.9,
25,6100,41.5,35.8,14.4,0.0,0.346,106,0,-0.2,6100,43.6,37.5,14.4,0.0,0.346,106,0,-0.2,6100,-0.2,-0.3,98.6,-0.1,54.3,-0.2,13.1,0,6100,1228,0,0,0,79,72,81,71,6100,0,106,0,0,0,0,0,0,6100,14.4,204.0,189.6,0.750,0.0,60,54.3,-0.2,6100,240,300,0,0,0,0,0,0,6100,0.0,0.0,0.0,0.0,0.0,0.0,0.0,0.0,25,3.740,2.835,1,4,31.1,0.400,1,0,25,1.049,29.41,75.0,53.0,0.47,1929,0.073,71.9,
26,6200,44.0,37.3,14.4,0.0,0.327,107,0,-0.2,6200,46.1,39.1,14.4,0.0,0.327,107,0,-0.2,6200,-0.2,-0.3,98.5,-0.2,54.3,-0.3,13.1,0,6200,1232,0,0,0,79,72,81,71,6200,0,107,0,0,0,0,0,0,6200,14.4,203.2,188.8,0.750,0.0,60,54.3,-0.3,6200,291,300,0,0,0,0,0,0,6200,0.0,0.0,0.0,0.0,0.0,0.0,0.0,0.0,26,3.740,2.835,1,4,31.1,0.400,1,0,26,1.049,29.41,75.0,53.0,0.47,1932,0.073,71.9,
27,6300,45.4,37.9,15.0,0.0,0.331,106,0,-0.2,6300,47.6,39.7,15.0,0.0,0.331,106,0,-0.2,6300,-0.2,-0.3,98.5,-0.2,54.3,-0.3,13.1,0,6300,1235,0,0,0,79,72,81,71,6300,0,106,0,0,0,0,0,0,6300,15.0,202.5,187.5,0.750,0.0,61,54.3,-0.3,6300,306,300,0,0,0,0,0,0,6300,0.0,0.0,0.0,0.0,0.0,0.0,0.0,0.0,27,3.740,2.835,1,4,31.1,0.400,1,0,27,1.049,29.41,75.0,53.0,0.47,1932,0.073,71.9,
28,6400,46.7,38.3,16.1,0.0,0.345,106,0,-0.2,6400,48.9,40.1,16.1,0.0,0.345,106,0,-0.2,6400,-0.2,-0.3,98.6,-0.1,54.3,-0.3,13.0,0,6400,1238,0,0,0,79,72,81,71,6400,0,106,0,0,0,0,0,0,6400,16.1,201.5,185.4,0.750,0.0,61,54.3,-0.3,6400,312,300,0,0,0,0,0,0,6400,0.0,0.0,0.0,0.0,0.0,0.0,0.0,0.0,28,3.740,2.835,1,4,31.1,0.400,1,0,28,1.049,29.41,75.0,53.0,0.47,1932,0.073,71.9,
29,6500,47.5,38.3,17.7,0.0,0.373,107,0,-0.2,6500,49.8,40.2,17.7,0.0,0.373,107,0,-0.2,6500,-0.2,-0.3,98.6,-0.1,54.3,-0.3,13.0,0,6500,1241,0,0,0,79,72,81,71,6500,0,107,0,0,0,0,0,0,6500,17.7,201.7,184.0,0.750,0.0,60,54.3,-0.3,6500,305,300,0,0,0,0,0,0,6500,0.0,0.0,0.0,0.0,0.0,0.0,0.0,0.0,29,3.740,2.835,1,4,31.1,0.400,1,0,29,1.049,29.41,75.0,53.0,0.47,1932,0.073,71.9,
30,6600,49.1,39.0,17.6,0.0,0.359,108,0,-0.2,6600,51.4,40.9,17.6,0.0,0.359,108,0,-0.2,6600,-0.2,-0.3,98.6,-0.1,54.3,-0.3,13.0,0,6600,1244,0,0,0,79,72,81,71,6600,0,108,0,0,0,0,0,0,6600,17.6,202.3,184.7,0.750,0.0,59,54.3,-0.3,6600,315,300,0,0,0,0,0,0,6600,0.0,0.0,0.0,0.0,0.0,0.0,0.0,0.0,30,3.740,2.835,1,4,31.1,0.400,1,0,30,1.049,29.41,75.0,53.0,0.47,1932,0.073,71.9,
31,6700,50.7,39.8,17.6,0.0,0.347,109,0,-0.2,6700,53.2,41.7,17.6,0.0,0.347,109,0,-0.2,6700,-0.2,-0.3,98.7,-0.1,54.3,-0.2,13.0,0,6700,1247,0,0,0,79,72,81,71,6700,0,109,0,0,0,0,0,0,6700,17.6,203.6,186.0,0.750,0.0,58,54.3,-0.2,6700,323,300,0,0,0,0,0,0,6700,0.0,0.0,0.0,0.0,0.0,0.0,0.0,0.0,31,3.740,2.835,1,4,31.1,0.400,1,0,31,1.049,29.41,75.0,53.0,0.47,1932,0.073,71.9,
32,6800,52.0,40.1,18.3,0.0,0.352,110,0,-0.2,6800,54.5,42.1,18.3,0.0,0.352,110,0,-0.2,6800,-0.2,-0.2,98.8,-0.1,54.3,-0.2,13.0,0,6800,1250,0,0,0,79,72,81,71,6800,0,110,0,0,0,0,0,0,6800,18.3,204.8,186.5,0.750,0.0,58,54.3,-0.2,6800,317,300,0,0,0,0,0,0,6800,0.0,0.0,0.0,0.0,0.0,0.0,0.0,0.0,32,3.740,2.835,1,4,31.1,0.400,1,0,32,1.049,29.41,75.0,53.0,0.47,1932,0.073,71.9,
33,6900,52.1,39.6,19.9,0.0,0.383,110,0,-0.2,6900,54.6,41.6,19.9,0.0,0.383,110,0,-0.2,6900,-0.2,-0.2,98.9,-0.1,54.3,-0.2,13.0,0,6900,1255,0,0,0,79,72,81,71,6900,0,110,0,0,0,0,0,0,6900,19.9,206.9,187.0,0.750,0.0,57,54.3,-0.2,6900,283,300,0,0,0,0,0,0,6900,0.0,0.0,0.0,0.0,0.0,0.0,0.0,0.0,33,3.740,2.835,1,4,31.1,0.400,1,0,33,1.049,29.41,75.0,53.0,0.47,1932,0.073,71.9,
34,7000,54.6,41.0,20.8,0.0,0.380,111,0,-0.2,7000,57.3,43.0,20.8,0.0,0.380,111,0,-0.2,7000,-0.2,-0.2,98.9,-0.1,54.3,-0.2,13.0,0,7000,1259,0,0,0,79,72,81,71,7000,0,111,0,0,0,0,0,0,7000,20.8,207.3,186.5,0.750,0.0,56,54.3,-0.2,7000,309,300,0,0,0,0,0,0,7000,0.0,0.0,0.0,0.0,0.0,0.0,0.0,0.0,34,3.740,2.835,1,4,31.1,0.400,1,0,34,1.049,29.41,75.0,53.0,0.47,1932,0.073,71.9,
35,7100,56.7,41.9,20.5,0.0,0.362,111,0,-0.2,7100,59.4,44.0,20.5,0.0,0.362,111,0,-0.2,7100,-0.2,-0.2,98.8,-0.1,54.3,-0.2,13.0,0,7100,1263,0,0,0,79,72,81,71,7100,0,111,0,0,0,0,0,0,7100,20.5,206.9,186.4,0.750,0.0,56,54.3,-0.2,7100,320,300,0,0,0,0,0,0,7100,0.0,0.0,0.0,0.0,0.0,0.0,0.0,0.0,35,3.740,2.835,1,4,31.1,0.400,1,0,35,1.049,29.41,75.0,53.0,0.47,1932,0.073,71.9,
36,7200,56.1,40.9,20.9,0.0,0.373,112,0,-0.2,7200,58.8,42.9,20.9,0.0,0.373,112,0,-0.2,7200,-0.2,-0.3,98.6,-0.1,54.3,-0.2,13.0,0,7200,1269,0,0,0,79,72,82,72,7200,0,112,0,0,0,0,0,0,7200,20.9,206.1,185.2,0.750,0.0,55,54.3,-0.2,7200,267,300,0,0,0,0,0,0,7200,0.0,0.0,0.0,0.0,0.0,0.0,0.0,0.0,36,3.740,2.835,1,4,31.1,0.400,1,0,36,1.049,29.41,75.0,53.0,0.47,1932,0.073,71.9,
37,7300,56.9,40.9,21.4,0.0,0.377,113,0,-0.2,7300,59.6,42.9,21.4,0.0,0.377,113,0,-0.2,7300,-0.2,-0.3,98.4,-0.2,54.3,-0.2,13.0,0,7300,1278,0,0,0,79,72,81,72,7300,0,113,0,0,0,0,0,0,7300,21.4,205.8,184.4,0.750,0.0,54,54.3,-0.2,7300,270,300,0,0,0,0,0,0,7300,0.0,0.0,0.0,0.0,0.0,0.0,0.0,0.0,37,3.740,2.835,1,4,31.1,0.400,1,0,37,1.049,29.41,75.0,53.0,0.47,1932,0.073,71.9,
38,7400,58.7,41.7,21.4,0.0,0.365,113,0,-0.2,7400,61.6,43.7,21.4,0.0,0.365,113,0,-0.2,7400,-0.2,-0.4,98.4,-0.2,54.3,-0.2,13.0,0,7400,1284,0,0,0,79,72,81,72,7400,0,113,0,0,0,0,0,0,7400,21.4,205.9,184.5,0.750,0.0,54,54.3,-0.2,7400,297,300,0,0,0,0,0,0,7400,0.0,0.0,0.0,0.0,0.0,0.0,0.0,0.0,38,3.740,2.835,1,4,31.1,0.400,1,0,38,1.049,29.41,75.0,53.0,0.47,1932,0.073,71.9,
39,7500,59.6,41.7,21.7,0.0,0.364,112,0,-0.2,7500,62.5,43.8,21.7,0.0,0.364,112,0,-0.2,7500,-0.2,-0.3,98.5,-0.2,54.3,-0.3,13.0,0,7500,1293,0,0,0,79,72,81,72,7500,0,112,0,0,0,0,0,0,7500,21.7,206.6,184.9,0.750,0.0,54,54.3,-0.3,7500,296,300,0,0,0,0,0,0,7500,0.0,0.0,0.0,0.0,0.0,0.0,0.0,0.0,39,3.740,2.835,1,4,31.1,0.400,1,0,39,1.049,29.41,75.0,53.0,0.47,1932,0.073,71.9,
40,7600,59.7,41.2,21.3,0.0,0.357,112,0,-0.2,7600,62.6,43.2,21.3,0.0,0.357,112,0,-0.2,7600,-0.2,-0.3,98.6,-0.1,54.3,-0.3,13.0,0,7600,1300,0,0,0,79,72,81,72,7600,0,112,0,0,0,0,0,0,7600,21.3,206.4,185.1,0.750,0.0,54,54.3,-0.3,7600,283,300,0,0,0,0,0,0,7600,0.0,0.0,0.0,0.0,0.0,0.0,0.0,0.0,40,3.740,2.835,1,4,31.1,0.400,1,0,40,1.049,29.41,75.0,53.0,0.47,1932,0.073,71.9,
41,7700,59.0,40.2,22.0,0.0,0.372,112,0,-0.2,7700,61.9,42.2,22.0,0.0,0.372,112,0,-0.2,7700,-0.2,-0.2,98.8,-0.1,54.3,-0.2,13.0,0,7700,1307,0,0,0,79,72,82,72,7700,0,112,0,0,0,0,0,0,7700,22.0,205.5,183.5,0.750,0.0,55,54.3,-0.2,7700,261,300,0,0,0,0,0,0,7700,0.0,0.0,0.0,0.0,0.0,0.0,0.0,0.0,41,3.740,2.835,1,4,31.1,0.400,1,0,41,1.049,29.41,75.0,53.0,0.47,1932,0.073,71.9,
42,7800,60.1,40.5,24.1,0.0,0.402,112,0,-0.2,7800,63.0,42.4,24.1,0.0,0.402,112,0,-0.2,7800,-0.2,-0.2,98.9,-0.1,54.2,-0.2,13.0,0,7800,1314,0,0,0,79,72,82,72,7800,0,112,0,0,0,0,0,0,7800,24.1,204.8,180.6,0.750,0.0,55,54.2,-0.2,7800,285,300,0,0,0,0,0,0,7800,0.0,0.0,0.0,0.0,0.0,0.0,0.0,0.0,42,3.740,2.835,1,4,31.1,0.400,1,0,42,1.049,29.41,75.0,53.1,0.47,1929,0.073,71.9,
43,7900,62.7,41.7,25.2,0.0,0.402,111,0,-0.2,7900,65.7,43.7,25.2,0.0,0.402,111,0,-0.2,7900,-0.2,-0.2,98.9,-0.1,54.3,-0.2,13.0,0,7900,1319,0,0,0,79,72,81,72,7900,0,111,0,0,0,0,0,0,7900,25.2,204.3,179.1,0.750,0.0,55,54.3,-0.2,7900,327,300,0,0,0,0,0,0,7900,0.0,0.0,0.0,0.0,0.0,0.0,0.0,0.0,43,3.740,2.835,1,4,31.1,0.400,1,0,43,1.049,29.41,75.0,53.1,0.47,1929,0.073,71.9,
44,8000,63.4,41.6,24.8,0.0,0.391,111,0,-0.2,8000,66.5,43.7,24.8,0.0,0.391,111,0,-0.2,8000,-0.2,-0.2,99.0,-0.1,54.3,-0.2,13.0,0,8000,1323,0,0,0,79,72,81,72,8000,0,111,0,0,0,0,0,0,8000,24.8,203.4,178.6,0.750,0.0,55,54.3,-0.2,8000,320,300,0,0,0,0,0,0,8000,0.0,0.0,0.0,0.0,0.0,0.0,0.0,0.0,44,3.740,2.835,1,4,31.1,0.400,1,0,44,1.049,29.41,75.0,53.1,0.47,1932,0.073,72.0,
45,8100,62.5,40.5,24.8,0.0,0.396,110,0,-0.2,8100,65.6,42.5,24.8,0.0,0.396,110,0,-0.2,8100,-0.2,-0.2,98.9,-0.1,54.3,-0.2,13.0,0,8100,1327,0,0,0,79,72,81,72,8100,0,110,0,0,0,0,0,0,8100,24.8,203.6,178.8,0.750,0.0,56,54.3,-0.2,8100,285,300,0,0,0,0,0,0,8100,0.0,0.0,0.0,0.0,0.0,0.0,0.0,0.0,45,3.740,2.835,1,4,31.1,0.400,1,0,45,1.049,29.41,75.0,53.1,0.47,1932,0.073,72.0,
46,8200,64.3,41.2,25.2,0.0,0.392,110,0,-0.2,8200,67.5,43.2,25.2,0.0,0.392,110,0,-0.2,8200,-0.2,-0.2,98.8,-0.1,54.2,-0.3,13.0,0,8200,1330,0,0,0,79,72,81,72,8200,0,110,0,0,0,0,0,0,8200,25.2,204.2,179.0,0.750,0.0,56,54.2,-0.3,8200,305,300,0,0,0,0,0,0,8200,0.0,0.0,0.0,0.0,0.0,0.0,0.0,0.0,46,3.740,2.835,1,4,31.1,0.400,1,0,46,1.049,29.41,75.0,53.1,0.47,1933,0.073,72.0,
47,8300,65.6,41.5,25.7,0.0,0.392,110,0,-0.2,8300,68.8,43.6,25.7,0.0,0.392,110,0,-0.2,8300,-0.2,-0.2,98.8,-0.1,54.2,-0.2,13.0,0,8300,1333,0,0,0,79,72,81,72,8300,0,110,0,0,0,0,0,0,8300,25.7,204.8,179.1,0.750,0.0,56,54.2,-0.2,8300,307,300,0,0,0,0,0,0,8300,0.0,0.0,0.0,0.0,0.0,0.0,0.0,0.0,47,3.740,2.835,1,4,31.1,0.400,1,0,47,1.049,29.41,75.0,53.1,0.47,1933,0.073,72.0,
48,8400,66.0,41.3,24.6,0.0,0.373,109,0,-0.2,8400,69.2,43.3,24.6,0.0,0.373,109,0,-0.2,8400,-0.2,-0.3,98.7,-0.1,54.2,-0.2,13.0,0,8400,1337,0,0,0,79,72,81,72,8400,0,109,0,0,0,0,0,0,8400,24.6,204.5,179.9,0.750,0.0,57,54.2,-0.2,8400,292,300,0,0,0,0,0,0,8400,0.0,0.0,0.0,0.0,0.0,0.0,0.0,0.0,48,3.740,2.835,1,4,31.1,0.400,1,0,48,1.049,29.41,75.0,53.1,0.47,1933,0.073,72.0,
49,8500,67.6,41.8,24.9,0.0,0.369,109,0,-0.2,8500,70.9,43.8,24.9,0.0,0.369,109,0,-0.2,8500,-0.2,-0.3,98.6,-0.1,54.2,-0.2,13.0,0,8500,1340,0,0,0,79,72,81,72,8500,0,109,0,0,0,0,0,0,8500,24.9,204.3,179.4,0.750,0.0,57,54.2,-0.2,8500,304,300,0,0,0,0,0,0,8500,0.0,0.0,0.0,0.0,0.0,0.0,0.0,0.0,49,3.740,2.835,1,4,31.1,0.400,1,0,49,1.049,29.41,75.0,53.1,0.47,1933,0.073,72.0,
50,8600,69.3,42.3,24.9,0.0,0.359,110,0,-0.2,8600,72.6,44.4,24.9,0.0,0.359,110,0,-0.2,8600,-0.2,-0.3,98.6,-0.1,54.2,-0.3,13.0,0,8600,1344,0,0,0,79,72,81,72,8600,0,110,0,0,0,0,0,0,8600,24.9,204.0,179.1,0.750,0.0,57,54.2,-0.3,8600,313,300,0,0,0,0,0,0,8600,0.0,0.0,0.0,0.0,0.0,0.0,0.0,0.0,50,3.740,2.835,1,4,31.1,0.400,1,0,50,1.049,29.41,75.0,53.1,0.47,1933,0.073,72.0,
51,8700,68.0,41.1,26.4,0.0,0.388,110,0,-0.2,8700,71.3,43.1,26.4,0.0,0.388,110,0,-0.2,8700,-0.2,-0.3,98.6,-0.1,54.2,-0.3,13.0,0,8700,1350,0,0,0,79,72,81,72,8700,0,110,0,0,0,0,0,0,8700,26.4,203.5,177.1,0.750,0.0,57,54.2,-0.3,8700,271,300,0,0,0,0,0,0,8700,0.0,0.0,0.0,0.0,0.0,0.0,0.0,0.0,51,3.740,2.835,1,4,31.1,0.400,1,0,51,1.049,29.41,75.0,53.1,0.47,1930,0.073,72.0,
52,8800,68.9,41.1,26.0,0.0,0.377,109,0,-0.2,8800,72.3,43.1,26.0,0.0,0.377,109,0,-0.2,8800,-0.2,-0.3,98.6,-0.1,54.2,-0.3,13.0,0,8800,1356,0,0,0,79,72,81,73,8800,0,109,0,0,0,0,0,0,8800,26.0,202.0,176.1,0.750,0.0,58,54.2,-0.3,8800,279,300,0,0,0,0,0,0,8800,0.0,0.0,0.0,0.0,0.0,0.0,0.0,0.0,52,3.740,2.835,1,4,31.1,0.400,1,0,52,1.049,29.41,75.0,53.1,0.47,1930,0.073,72.1,
53,8900,68.8,40.6,25.8,0.0,0.376,108,0,-0.2,8900,72.1,42.6,25.8,0.0,0.376,108,0,-0.2,8900,-0.2,-0.3,98.7,-0.1,54.2,-0.3,13.0,0,8900,1362,0,0,0,79,72,81,73,8900,0,108,0,0,0,0,0,0,8900,25.8,202.2,176.3,0.750,0.0,59,54.2,-0.3,8900,271,300,0,0,0,0,0,0,8900,0.0,0.0,0.0,0.0,0.0,0.0,0.0,0.0,53,3.740,2.835,1,4,31.1,0.400,1,0,53,1.049,29.41,75.0,53.1,0.47,1933,0.073,72.1,
54,9000,71.3,41.6,25.9,0.0,0.362,108,0,-0.2,9000,74.8,43.7,25.9,0.0,0.362,108,0,-0.2,9000,-0.2,-0.2,98.9,-0.1,54.2,-0.3,13.0,0,9000,1368,0,0,0,79,72,81,73,9000,0,108,0,0,0,0,0,0,9000,25.9,203.6,177.7,0.750,0.0,60,54.2,-0.3,9000,307,300,0,0,0,0,0,0,9000,0.0,0.0,0.0,0.0,0.0,0.0,0.0,0.0,54,3.740,2.835,1,4,31.1,0.400,1,0,54,1.049,29.41,75.0,53.1,0.47,1933,0.073,72.1,
55,9100,70.4,40.6,25.5,0.0,0.362,108,0,-0.2,9100,73.8,42.6,25.5,0.0,0.362,108,0,-0.2,9100,-0.2,-0.2,99.0,-0.1,54.2,-0.3,13.0,0,9100,1371,0,0,0,79,72,81,73,9100,0,108,0,0,0,0,0,0,9100,25.5,204.1,178.6,0.750,0.0,60,54.2,-0.3,9100,281,300,0,0,0,0,0,0,9100,0.0,0.0,0.0,0.0,0.0,0.0,0.0,0.0,55,3.740,2.835,1,4,31.1,0.400,1,0,55,1.049,29.41,75.0,53.1,0.47,1933,0.073,72.1,
56,9200,68.9,39.4,24.4,0.0,0.354,108,0,-0.2,9200,72.3,41.3,24.4,0.0,0.354,108,0,-0.2,9200,-0.2,-0.2,98.9,-0.1,54.2,-0.3,13.0,0,9200,1378,0,0,0,79,71,81,73,9200,0,108,0,0,0,0,0,0,9200,24.4,204.7,180.3,0.750,0.0,60,54.2,-0.3,9200,257,300,0,0,0,0,0,0,9200,0.0,0.0,0.0,0.0,0.0,0.0,0.0,0.0,56,3.740,2.835,1,4,31.1,0.400,1,0,56,1.049,29.41,75.0,53.1,0.47,1933,0.073,72.1,
57,9300,71.6,40.4,25.3,0.0,0.354,108,0,-0.2,9300,75.1,42.4,25.3,0.0,0.354,108,0,-0.2,9300,-0.2,-0.2,98.8,-0.1,54.2,-0.3,13.0,0,9300,1382,0,0,0,79,72,81,74,9300,0,108,0,0,0,0,0,0,9300,25.3,205.7,180.3,0.750,0.0,60,54.2,-0.3,9300,306,300,0,0,0,0,0,0,9300,0.0,0.0,0.0,0.0,0.0,0.0,0.0,0.0,57,3.740,2.835,1,4,31.1,0.400,1,0,57,1.049,29.41,75.0,53.1,0.47,1932,0.073,72.0,
58,9400,68.9,38.5,26.8,0.0,0.389,108,0,-0.2,9400,72.3,40.4,26.8,0.0,0.389,108,0,-0.2,9400,-0.2,-0.3,98.6,-0.1,54.2,-0.2,13.0,0,9400,1388,0,0,0,79,72,81,74,9400,0,108,0,0,0,0,0,0,9400,26.8,205.9,179.1,0.750,0.0,61,54.2,-0.2,9400,265,300,0,0,0,0,0,0,9400,0.0,0.0,0.0,0.0,0.0,0.0,0.0,0.0,58,3.740,2.835,1,4,31.1,0.400,1,0,58,1.049,29.41,75.0,53.1,0.47,1932,0.073,72.1,
59,9500,68.3,37.7,27.4,0.0,0.401,108,0,-0.2,9500,71.6,39.6,27.4,0.0,0.401,108,0,-0.2,9500,-0.2,-0.3,98.6,-0.1,54.2,-0.2,13.0,0,9500,1394,0,0,0,79,72,81,74,9500,0,108,0,0,0,0,0,0,9500,27.4,205.5,178.1,0.750,0.0,62,54.2,-0.2,9500,269,300,0,0,0,0,0,0,9500,0.0,0.0,0.0,0.0,0.0,0.0,0.0,0.0,59,3.740,2.835,1,4,31.1,0.400,1,0,59,1.049,29.41,75.0,53.1,0.47,1929,0.073,72.1,
60,9600,69.2,37.9,27.7,0.0,0.400,108,0,-0.2,9600,72.6,39.7,27.7,0.0,0.400,108,0,-0.2,9600,-0.2,-0.3,98.7,-0.1,54.2,-0.2,13.0,0,9600,1399,0,0,0,79,72,81,74,9600,0,108,0,0,0,0,0,0,9600,27.7,205.9,178.2,0.750,0.0,62,54.2,-0.2,9600,301,300,0,0,0,0,0,0,9600,0.0,0.0,0.0,0.0,0.0,0.0,0.0,0.0,60,3.740,2.835,1,4,31.1,0.400,1,0,60,1.049,29.41,75.0,53.1,0.47,1929,0.073,72.1,
61,9700,69.5,37.6,27.9,0.0,0.402,108,0,-0.2,9700,72.8,39.4,27.9,0.0,0.402,108,0,-0.2,9700,-0.2,-0.2,98.8,-0.1,54.2,-0.2,13.0,0,9700,1405,0,0,0,79,72,81,74,9700,0,108,0,0,0,0,0,0,9700,27.9,205.8,177.9,0.750,0.0,62,54.2,-0.2,9700,305,300,0,0,0,0,0,0,9700,0.0,0.0,0.0,0.0,0.0,0.0,0.0,0.0,61,3.740,2.835,1,4,31.1,0.400,1,0,61,1.049,29.41,75.0,53.2,0.47,1929,0.073,72.1,
62,9800,70.8,38.0,27.7,0.0,0.391,109,0,-0.2,9800,74.3,39.8,27.7,0.0,0.391,109,0,-0.2,9800,-0.2,-0.3,98.7,-0.1,54.2,-0.2,13.0,0,9800,1410,0,0,0,79,72,81,74,9800,0,109,0,0,0,0,0,0,9800,27.7,205.0,177.3,0.750,0.0,62,54.2,-0.2,9800,319,300,0,0,0,0,0,0,9800,0.0,0.0,0.0,0.0,0.0,0.0,0.0,0.0,62,3.740,2.835,1,4,31.1,0.400,1,0,62,1.049,29.41,75.0,53.2,0.47,1929,0.073,72.1,
63,9900,68.0,36.1,28.0,0.0,0.412,109,0,-0.2,9900,71.3,37.8,28.0,0.0,0.412,109,0,-0.2,9900,-0.2,-0.3,98.6,-0.1,54.2,-0.2,13.0,0,9900,1418,0,0,0,79,71,81,74,9900,0,109,0,0,0,0,0,0,9900,28.0,204.8,176.8,0.750,0.0,61,54.2,-0.2,9900,266,300,0,0,0,0,0,0,9900,0.0,0.0,0.0,0.0,0.0,0.0,0.0,0.0,63,3.740,2.835,1,4,31.1,0.400,1,0,63,1.049,29.41,75.0,53.2,0.47,1929,0.073,72.1,
64,10000,68.9,36.2,28.7,0.0,0.417,110,0,-0.2,10000,72.3,37.9,28.7,0.0,0.417,110,0,-0.2,10000,-0.2,-0.3,98.5,-0.2,54.2,-0.2,13.0,0,10000,1424,0,0,0,79,71,81,74,10000,0,110,0,0,0,0,0,0,10000,28.7,205.7,176.9,0.750,0.0,61,54.2,-0.2,10000,287,300,0,0,0,0,0,0,10000,0.0,0.0,0.0,0.0,0.0,0.0,0.0,0.0,64,3.740,2.835,1,4,31.1,0.400,1,0,64,1.049,29.41,75.0,53.2,0.47,1932,0.073,72.1,
65,10100,71.4,37.1,28.7,0.0,0.403,110,0,-0.2,10100,74.8,38.9,28.7,0.0,0.403,110,0,-0.2,10100,-0.2,-0.3,98.6,-0.1,54.2,-0.2,13.0,0,10100,1428,0,0,0,79,72,81,74,10100,0,110,0,0,0,0,0,0,10100,28.7,205.6,176.9,0.750,0.0,61,54.2,-0.2,10100,322,300,0,0,0,0,0,0,10100,0.0,0.0,0.0,0.0,0.0,0.0,0.0,0.0,65,3.740,2.835,1,4,31.1,0.400,1,0,65,1.049,29.41,75.0,53.2,0.47,1933,0.073,72.1,
66,10200,69.6,35.8,28.5,0.0,0.410,111,0,-0.2,10200,73.0,37.6,28.5,0.0,0.410,111,0,-0.2,10200,-0.2,-0.3,98.7,-0.1,54.2,-0.2,13.0,0,10200,1432,0,0,0,79,71,81,74,10200,0,111,0,0,0,0,0,0,10200,28.5,205.3,176.8,0.750,0.0,61,54.2,-0.2,10200,281,300,0,0,0,0,0,0,10200,0.0,0.0,0.0,0.0,0.0,0.0,0.0,0.0,66,3.740,2.835,1,4,31.1,0.400,1,0,66,1.049,29.41,75.0,53.2,0.47,1933,0.073,72.1,
